<?xml version="1.0" encoding="UTF-8"?>
<GenRun Id="impl_1" LaunchPart="xc7a100tcsg324-1" LaunchTime="1522076994">
  <File Type="ROUTE-DCP" Name="data_route_routed.dcp"/>
  <File Type="ROUTE-DRC" Name="data_route_drc_routed.rpt"/>
  <File Type="ROUTE-METHODOLOGY-DRC" Name="data_route_methodology_drc_routed.rpt"/>
  <File Type="ROUTE-DRC-PB" Name="data_route_drc_routed.pb"/>
  <File Type="ROUTE-METHODOLOGY-DRC-PB" Name="data_route_methodology_drc_routed.pb"/>
  <File Type="ROUTE-DRC-RPX" Name="data_route_drc_routed.rpx"/>
  <File Type="ROUTE-PWR" Name="data_route_power_routed.rpt"/>
  <File Type="ROUTE-METHODOLOGY-DRC-RPX" Name="data_route_methodology_drc_routed.rpx"/>
  <File Type="ROUTE-PWR-SUM" Name="data_route_power_summary_routed.pb"/>
  <File Type="ROUTE-PWR-RPX" Name="data_route_power_routed.rpx"/>
  <File Type="ROUTE-STATUS" Name="data_route_route_status.rpt"/>
  <File Type="BG-BIT" Name="data_route.bit"/>
  <File Type="ROUTE-STATUS-PB" Name="data_route_route_status.pb"/>
  <File Type="PHYSOPT-DCP" Name="data_route_physopt.dcp"/>
  <File Type="PLACE-CTRL" Name="data_route_control_sets_placed.rpt"/>
  <File Type="PLACE-UTIL-PB" Name="data_route_utilization_placed.pb"/>
  <File Type="PLACE-UTIL" Name="data_route_utilization_placed.rpt"/>
  <File Type="PLACE-IO" Name="data_route_io_placed.rpt"/>
  <File Type="POSTPLACE-PWROPT-DCP" Name="data_route_postplace_pwropt.dcp"/>
  <File Type="RDI-RDI" Name="data_route.vdi"/>
  <File Type="OPT-HWDEF" Name="data_route.hwdef"/>
  <File Type="BITSTR-SYSDEF" Name="data_route.sysdef"/>
  <File Type="PLACE-DCP" Name="data_route_placed.dcp"/>
  <File Type="PA-TCL" Name="data_route.tcl"/>
  <File Type="BITSTR-MSK" Name="data_route.msk"/>
  <File Type="ROUTE-TIMING-PB" Name="data_route_timing_summary_routed.pb"/>
  <File Type="BITSTR-RBT" Name="data_route.rbt"/>
  <File Type="ROUTE-TIMING-RPX" Name="data_route_timing_summary_routed.rpx"/>
  <File Type="PLACE-PRE-SIMILARITY" Name="data_route_incremental_reuse_pre_placed.rpt"/>
  <File Type="OPT-DCP" Name="data_route_opt.dcp"/>
  <File Type="BITSTR-MMI" Name="data_route.mmi"/>
  <File Type="REPORTS-TCL" Name="data_route_reports.tcl"/>
  <File Type="PWROPT-DCP" Name="data_route_pwropt.dcp"/>
  <File Type="BITSTR-LTX" Name="data_route.ltx"/>
  <File Type="OPT-DRC" Name="data_route_drc_opted.rpt"/>
  <File Type="BG-BIN" Name="data_route.bin"/>
  <File Type="ROUTE-TIMINGSUMMARY" Name="data_route_timing_summary_routed.rpt"/>
  <File Type="BITSTR-NKY" Name="data_route.nky"/>
  <File Type="BITSTR-BMM" Name="data_route_bd.bmm"/>
  <File Type="ROUTE-CLK" Name="data_route_clock_utilization_routed.rpt"/>
  <File Type="BG-DRC" Name="data_route.drc"/>
  <File Type="ROUTE-ERROR-DCP" Name="data_route_routed_error.dcp"/>
  <File Type="WBT-USG" Name="usage_statistics_webtalk.html"/>
  <File Type="POSTROUTE-PHYSOPT-BLACKBOX-DCP" Name="data_route_postroute_physopt_bb.dcp"/>
  <File Type="BG-BGN" Name="data_route.bgn"/>
  <File Type="ROUTE-BLACKBOX-DCP" Name="data_route_routed_bb.dcp"/>
  <File Type="POSTROUTE-PHYSOPT-DCP" Name="data_route_postroute_physopt.dcp"/>
  <FileSet Name="sources" Type="DesignSrcs" RelSrcDir="$PSRCDIR/sources_1">
    <Filter Type="Srcs"/>
    <File Path="$PPRDIR/../X-Brain/sys_design/documents/cc/verilog/lib/ALU.v">
      <FileInfo>
        <Attr Name="UsedIn" Val="synthesis"/>
        <Attr Name="UsedIn" Val="implementation"/>
        <Attr Name="UsedIn" Val="simulation"/>
      </FileInfo>
    </File>
    <File Path="$PPRDIR/../X-Brain/sys_design/documents/cc/verilog/module/BHT.v">
      <FileInfo>
        <Attr Name="UsedIn" Val="synthesis"/>
        <Attr Name="UsedIn" Val="implementation"/>
        <Attr Name="UsedIn" Val="simulation"/>
      </FileInfo>
    </File>
    <File Path="$PPRDIR/../X-Brain/sys_design/documents/cc/verilog/lib/DM.v">
      <FileInfo>
        <Attr Name="UsedIn" Val="synthesis"/>
        <Attr Name="UsedIn" Val="implementation"/>
        <Attr Name="UsedIn" Val="simulation"/>
      </FileInfo>
    </File>
    <File Path="$PPRDIR/../X-Brain/sys_design/documents/cc/verilog/lib/show/Data_Choose.v">
      <FileInfo>
        <Attr Name="UsedIn" Val="synthesis"/>
        <Attr Name="UsedIn" Val="implementation"/>
        <Attr Name="UsedIn" Val="simulation"/>
      </FileInfo>
    </File>
    <File Path="$PPRDIR/../X-Brain/sys_design/documents/cc/verilog/module/buffer/EXE_MEM.v">
      <FileInfo>
        <Attr Name="UsedIn" Val="synthesis"/>
        <Attr Name="UsedIn" Val="implementation"/>
        <Attr Name="UsedIn" Val="simulation"/>
      </FileInfo>
    </File>
    <File Path="$PPRDIR/../X-Brain/sys_design/documents/cc/verilog/lib/show/Hex_to_Dec.v">
      <FileInfo>
        <Attr Name="UsedIn" Val="synthesis"/>
        <Attr Name="UsedIn" Val="implementation"/>
        <Attr Name="UsedIn" Val="simulation"/>
      </FileInfo>
    </File>
    <File Path="$PPRDIR/../X-Brain/sys_design/documents/cc/verilog/module/buffer/ID_EXE.v">
      <FileInfo>
        <Attr Name="UsedIn" Val="synthesis"/>
        <Attr Name="UsedIn" Val="implementation"/>
        <Attr Name="UsedIn" Val="simulation"/>
      </FileInfo>
    </File>
    <File Path="$PPRDIR/../X-Brain/sys_design/documents/cc/verilog/module/buffer/IF_ID.v">
      <FileInfo>
        <Attr Name="UsedIn" Val="synthesis"/>
        <Attr Name="UsedIn" Val="implementation"/>
        <Attr Name="UsedIn" Val="simulation"/>
      </FileInfo>
    </File>
    <File Path="$PPRDIR/../X-Brain/sys_design/documents/cc/verilog/lib/IM.v">
      <FileInfo>
        <Attr Name="UsedIn" Val="synthesis"/>
        <Attr Name="UsedIn" Val="implementation"/>
        <Attr Name="UsedIn" Val="simulation"/>
      </FileInfo>
    </File>
    <File Path="$PPRDIR/../X-Brain/sys_design/documents/cc/verilog/module/buffer/MEM_WB.v">
      <FileInfo>
        <Attr Name="UsedIn" Val="synthesis"/>
        <Attr Name="UsedIn" Val="implementation"/>
        <Attr Name="UsedIn" Val="simulation"/>
      </FileInfo>
    </File>
    <File Path="$PPRDIR/../X-Brain/sys_design/documents/cc/verilog/lib/MUX2.v">
      <FileInfo>
        <Attr Name="UsedIn" Val="synthesis"/>
        <Attr Name="UsedIn" Val="implementation"/>
        <Attr Name="UsedIn" Val="simulation"/>
      </FileInfo>
    </File>
    <File Path="$PPRDIR/../X-Brain/sys_design/documents/cc/verilog/lib/MUX4.v">
      <FileInfo>
        <Attr Name="UsedIn" Val="synthesis"/>
        <Attr Name="UsedIn" Val="implementation"/>
        <Attr Name="UsedIn" Val="simulation"/>
      </FileInfo>
    </File>
    <File Path="$PPRDIR/../X-Brain/sys_design/documents/cc/verilog/module/RA_ctrl.v">
      <FileInfo>
        <Attr Name="UsedIn" Val="synthesis"/>
        <Attr Name="UsedIn" Val="implementation"/>
        <Attr Name="UsedIn" Val="simulation"/>
      </FileInfo>
    </File>
    <File Path="$PPRDIR/../X-Brain/sys_design/documents/cc/verilog/lib/Registers.v">
      <FileInfo>
        <Attr Name="UsedIn" Val="synthesis"/>
        <Attr Name="UsedIn" Val="implementation"/>
        <Attr Name="UsedIn" Val="simulation"/>
      </FileInfo>
    </File>
    <File Path="$PPRDIR/../X-Brain/sys_design/documents/cc/verilog/module/Y_ctrl.v">
      <FileInfo>
        <Attr Name="UsedIn" Val="synthesis"/>
        <Attr Name="UsedIn" Val="implementation"/>
        <Attr Name="UsedIn" Val="simulation"/>
      </FileInfo>
    </File>
    <File Path="$PPRDIR/../X-Brain/sys_design/documents/cc/verilog/lib/show/_7Seg_Displays.v">
      <FileInfo>
        <Attr Name="UsedIn" Val="synthesis"/>
        <Attr Name="UsedIn" Val="implementation"/>
        <Attr Name="UsedIn" Val="simulation"/>
      </FileInfo>
    </File>
    <File Path="$PPRDIR/../X-Brain/sys_design/documents/cc/verilog/lib/show/_7Seg_NumSelect.v">
      <FileInfo>
        <Attr Name="UsedIn" Val="synthesis"/>
        <Attr Name="UsedIn" Val="implementation"/>
        <Attr Name="UsedIn" Val="simulation"/>
      </FileInfo>
    </File>
    <File Path="$PPRDIR/../X-Brain/sys_design/documents/cc/verilog/lib/show/_7Seg_Select.v">
      <FileInfo>
        <Attr Name="UsedIn" Val="synthesis"/>
        <Attr Name="UsedIn" Val="implementation"/>
        <Attr Name="UsedIn" Val="simulation"/>
      </FileInfo>
    </File>
    <File Path="$PPRDIR/../X-Brain/sys_design/documents/cc/verilog/lib/show/_7Seg_TimeDivider.v">
      <FileInfo>
        <Attr Name="UsedIn" Val="synthesis"/>
        <Attr Name="UsedIn" Val="implementation"/>
        <Attr Name="UsedIn" Val="simulation"/>
      </FileInfo>
    </File>
    <File Path="$PPRDIR/../X-Brain/sys_design/documents/cc/verilog/module/condi_jump.v">
      <FileInfo>
        <Attr Name="UsedIn" Val="synthesis"/>
        <Attr Name="UsedIn" Val="implementation"/>
        <Attr Name="UsedIn" Val="simulation"/>
      </FileInfo>
    </File>
    <File Path="$PPRDIR/../X-Brain/sys_design/documents/cc/verilog/module/controller.v">
      <FileInfo>
        <Attr Name="UsedIn" Val="synthesis"/>
        <Attr Name="UsedIn" Val="implementation"/>
        <Attr Name="UsedIn" Val="simulation"/>
      </FileInfo>
    </File>
    <File Path="$PPRDIR/../X-Brain/sys_design/documents/cc/verilog/lib/frequency.v">
      <FileInfo>
        <Attr Name="UsedIn" Val="synthesis"/>
        <Attr Name="UsedIn" Val="implementation"/>
        <Attr Name="UsedIn" Val="simulation"/>
      </FileInfo>
    </File>
    <File Path="$PPRDIR/../X-Brain/sys_design/documents/cc/verilog/module/npc_generator.v">
      <FileInfo>
        <Attr Name="UsedIn" Val="synthesis"/>
        <Attr Name="UsedIn" Val="implementation"/>
        <Attr Name="UsedIn" Val="simulation"/>
      </FileInfo>
    </File>
    <File Path="$PPRDIR/../X-Brain/sys_design/documents/cc/verilog/module/program_counter.v">
      <FileInfo>
        <Attr Name="UsedIn" Val="synthesis"/>
        <Attr Name="UsedIn" Val="implementation"/>
        <Attr Name="UsedIn" Val="simulation"/>
      </FileInfo>
    </File>
    <File Path="$PPRDIR/../X-Brain/sys_design/documents/cc/verilog/module/read_reg_ctrl.v">
      <FileInfo>
        <Attr Name="UsedIn" Val="synthesis"/>
        <Attr Name="UsedIn" Val="implementation"/>
        <Attr Name="UsedIn" Val="simulation"/>
      </FileInfo>
    </File>
    <File Path="$PPRDIR/../X-Brain/sys_design/documents/cc/verilog/module/redirection.v">
      <FileInfo>
        <Attr Name="UsedIn" Val="synthesis"/>
        <Attr Name="UsedIn" Val="implementation"/>
        <Attr Name="UsedIn" Val="simulation"/>
      </FileInfo>
    </File>
    <File Path="$PPRDIR/../X-Brain/sys_design/documents/cc/verilog/module/redirection_handler.v">
      <FileInfo>
        <Attr Name="UsedIn" Val="synthesis"/>
        <Attr Name="UsedIn" Val="implementation"/>
        <Attr Name="UsedIn" Val="simulation"/>
      </FileInfo>
    </File>
    <File Path="$PPRDIR/../X-Brain/sys_design/documents/cc/verilog/lib/show/show.v">
      <FileInfo>
        <Attr Name="UsedIn" Val="synthesis"/>
        <Attr Name="UsedIn" Val="implementation"/>
        <Attr Name="UsedIn" Val="simulation"/>
      </FileInfo>
    </File>
    <File Path="$PPRDIR/../X-Brain/sys_design/documents/cc/verilog/module/statistic.v">
      <FileInfo>
        <Attr Name="UsedIn" Val="synthesis"/>
        <Attr Name="UsedIn" Val="implementation"/>
        <Attr Name="UsedIn" Val="simulation"/>
      </FileInfo>
    </File>
    <File Path="$PPRDIR/../X-Brain/sys_design/documents/cc/verilog/module/stop_ctrl.v">
      <FileInfo>
        <Attr Name="UsedIn" Val="synthesis"/>
        <Attr Name="UsedIn" Val="implementation"/>
        <Attr Name="UsedIn" Val="simulation"/>
      </FileInfo>
    </File>
    <File Path="$PPRDIR/../X-Brain/sys_design/documents/cc/verilog/module/word_ctrl.v">
      <FileInfo>
        <Attr Name="UsedIn" Val="synthesis"/>
        <Attr Name="UsedIn" Val="implementation"/>
        <Attr Name="UsedIn" Val="simulation"/>
      </FileInfo>
    </File>
    <File Path="$PPRDIR/../X-Brain/sys_design/documents/cc/verilog/module/write_reg_ctrl.v">
      <FileInfo>
        <Attr Name="UsedIn" Val="synthesis"/>
        <Attr Name="UsedIn" Val="implementation"/>
        <Attr Name="UsedIn" Val="simulation"/>
      </FileInfo>
    </File>
    <File Path="$PPRDIR/../X-Brain/sys_design/documents/cc/verilog/module/data_route.v">
      <FileInfo>
        <Attr Name="UsedIn" Val="synthesis"/>
        <Attr Name="UsedIn" Val="implementation"/>
        <Attr Name="UsedIn" Val="simulation"/>
      </FileInfo>
    </File>
    <File Path="$PPRDIR/../X-Brain/sys_design/documents/cc/verilog/sim/sim_BHT.v">
      <FileInfo>
        <Attr Name="AutoDisabled" Val="1"/>
        <Attr Name="UsedIn" Val="synthesis"/>
        <Attr Name="UsedIn" Val="implementation"/>
        <Attr Name="UsedIn" Val="simulation"/>
      </FileInfo>
    </File>
    <File Path="$PPRDIR/../X-Brain/sys_design/documents/cc/verilog/sim/sim_controller.v">
      <FileInfo>
        <Attr Name="AutoDisabled" Val="1"/>
        <Attr Name="UsedIn" Val="synthesis"/>
        <Attr Name="UsedIn" Val="implementation"/>
        <Attr Name="UsedIn" Val="simulation"/>
      </FileInfo>
    </File>
    <File Path="$PPRDIR/../X-Brain/sys_design/documents/cc/verilog/sim/sim_buffer.v">
      <FileInfo>
        <Attr Name="UserDisabled" Val="1"/>
        <Attr Name="UsedIn" Val="synthesis"/>
        <Attr Name="UsedIn" Val="implementation"/>
        <Attr Name="UsedIn" Val="simulation"/>
      </FileInfo>
    </File>
    <Config>
      <Option Name="DesignMode" Val="RTL"/>
      <Option Name="TopModule" Val="data_route"/>
      <Option Name="TopAutoSet" Val="TRUE"/>
    </Config>
  </FileSet>
  <FileSet Name="constrs_in" Type="Constrs" RelSrcDir="$PSRCDIR/constrs_1">
    <Filter Type="Constrs"/>
    <File Path="$PPRDIR/../X-Brain/sys_design/documents/cc/verilog/cons/my_cons.xdc">
      <FileInfo>
        <Attr Name="UsedIn" Val="synthesis"/>
        <Attr Name="UsedIn" Val="implementation"/>
      </FileInfo>
    </File>
    <Config>
      <Option Name="ConstrsType" Val="XDC"/>
    </Config>
  </FileSet>
  <Strategy Version="1" Minor="2">
    <StratHandle Name="Vivado Implementation Defaults" Flow="Vivado Implementation 2017"/>
    <Step Id="init_design"/>
    <Step Id="opt_design"/>
    <Step Id="power_opt_design"/>
    <Step Id="place_design"/>
    <Step Id="post_place_power_opt_design"/>
    <Step Id="phys_opt_design"/>
    <Step Id="route_design"/>
    <Step Id="post_route_phys_opt_design"/>
    <Step Id="write_bitstream"/>
  </Strategy>
</GenRun>
